<Global >
   <ParamApero>


       <DicoLoc>
            <Symb>  AeroOut=-Test-5  </Symb>
            <Symb>  OutCalib=Ori${AeroOut}/Calib.xml </Symb>
       </DicoLoc>



       <SectionBDD_Observation>
            <BDD_PtsLiaisons>
                 <Id>    Id_Pastis_Hom  </Id>
                 <KeySet> NKS-Set-Homol@@txt  </KeySet>
                 <KeyAssoc>  NKS-Assoc-CplIm2Hom@@txt   </KeyAssoc>
            </BDD_PtsLiaisons>

       </SectionBDD_Observation>

       <SectionInconnues>

             <CalibrationCameraInc>
                   <Name> TheKeyCalib   </Name>
                   <CalValueInit>
                       <CalFromFileExtern>
		           <NameFile>   CalibInitNoDist.xml    </NameFile>
			   <NameTag>    CalibrationInternConique </NameTag>
                       </CalFromFileExtern>
                   </CalValueInit>
              </CalibrationCameraInc>

             <PoseCameraInc>
	           <PatternName>    IMG_5588.tif   </PatternName>
	           <CalcNameCalib>  TheKeyCalib </CalcNameCalib>
                   <PosValueInit>
	               <PosId> ### </PosId>
                   </PosValueInit>
             </PoseCameraInc>

              <PoseCameraInc>
	           <PatternName>     IMG_[0-9]{4}\.tif </PatternName> 

                   <InitNow> false </InitNow>
	           <CalcNameCalib>  TheKeyCalib </CalcNameCalib>

                   <PosesDeRattachement>  0  </PosesDeRattachement>

                   <MEP_SPEC_MST> </MEP_SPEC_MST>
		   <PosValueInit>
		        <PoseFromLiaisons>
                             <LiaisonsInit>
                                 <NameCam> ###   </NameCam>
				 <IdBD> Id_Pastis_Hom  </IdBD>
                             </LiaisonsInit>
		        </PoseFromLiaisons>
		   </PosValueInit>
              </PoseCameraInc>



        </SectionInconnues>


        <SectionChantier>
	     <DirectoryChantier> ThisDir </DirectoryChantier>
        </SectionChantier>

        <SectionSolveur>
	      <ModeResolution> eSysL2BlocSym </ModeResolution> 
        </SectionSolveur>


	<SectionCompensation>
	      <EtapeCompensation>
                    <IterationsCompensation>
                       <Pose2Init>
                             <ProfMin> [2,4] </ProfMin> 
                             <Show> true </Show>
                       </Pose2Init>
		       <SectionContraintes>

		          <ContraintesCamerasInc>
		              <Val> eLiberteFocale_0  </Val>
		              <Val> eLib_PP_CD_00     </Val>
		              <Val> eLiberte_DR0      </Val>

		          </ContraintesCamerasInc>

		          <ContraintesPoses>
			     <NamePose>   0 </NamePose>
			     <Val>      ePoseFigee   </Val>
		          </ContraintesPoses>

		          <ContraintesPoses>
			     <NamePose>   1     </NamePose>
			     <Val>      ePoseBaseNormee   </Val>
<!--
			     <Val>      ePoseVraieBaseNormee   </Val>
			     <Val>      ePoseBaseNormee   </Val>
-->
			     <PoseRattachement>   0 </PoseRattachement>
		          </ContraintesPoses>
		       </SectionContraintes>
                    </IterationsCompensation>

                    <IterationsCompensation> </IterationsCompensation>
                    <IterationsCompensation> </IterationsCompensation>


		    <SectionObservations>
                           <ObsLiaisons>
                              <NameRef> Id_Pastis_Hom </NameRef>
                              <Pond>
                                 <EcartMesureIndiv>  1.0 </EcartMesureIndiv>
                                 <Show> eNSM_Paquet     </Show>
                                 <NbMax>   100    </NbMax>
                                  <EcartMax> 100 </EcartMax>
                                  <SigmaPond> 5 </SigmaPond>
                                  <ModePonderation> eL1Secured </ModePonderation>
                              </Pond>
                           </ObsLiaisons>
		    </SectionObservations>

	      </EtapeCompensation>

	      <EtapeCompensation>

                    <IterationsCompensation>
		       <SectionContraintes>
		          <ContraintesCamerasInc>
		              <Val> eLiberte_DR1      </Val>
		          </ContraintesCamerasInc>
		       </SectionContraintes>
                    </IterationsCompensation>
                    <IterationsCompensation>
		       <SectionContraintes>
		          <ContraintesCamerasInc>
		              <Val> eLiberte_DR2      </Val>
		          </ContraintesCamerasInc>
		       </SectionContraintes>
                    </IterationsCompensation>
                    <IterationsCompensation>
		       <SectionContraintes>
		          <ContraintesCamerasInc>
		              <Val> eLiberte_DR3      </Val>
		          </ContraintesCamerasInc>
		       </SectionContraintes>
                    </IterationsCompensation>
                    <IterationsCompensation> </IterationsCompensation>

                    <IterationsCompensation>
		       <SectionContraintes>
		          <ContraintesCamerasInc>
		              <Val> eLiberteFocale_1  </Val>
		          </ContraintesCamerasInc>
		       </SectionContraintes>
                    </IterationsCompensation>
                    <IterationsCompensation> </IterationsCompensation>


                    <IterationsCompensation>
		       <SectionContraintes>
		          <ContraintesCamerasInc>
		              <Val> eLib_PP_CD_11      </Val>
		          </ContraintesCamerasInc>
		       </SectionContraintes>
                    </IterationsCompensation>
                    <IterationsCompensation> </IterationsCompensation>
                    <IterationsCompensation> </IterationsCompensation>

		    <SectionObservations>
                           <ObsLiaisons>
                              <NameRef> Id_Pastis_Hom </NameRef>
                              <Pond>
                                 <EcartMesureIndiv>  1.0 </EcartMesureIndiv>
                                 <Show> eNSM_Paquet     </Show>
                                 <NbMax>   100    </NbMax>
                                  <EcartMax> 10 </EcartMax>
                                  <SigmaPond> 4 </SigmaPond>
                                  <ModePonderation> eL1Secured </ModePonderation>
                              </Pond>
                           </ObsLiaisons>
		    </SectionObservations>


	      </EtapeCompensation>

	      <EtapeCompensation>

                    <IterationsCompensation>
                    </IterationsCompensation>
                   <IterationsCompensation>
                    </IterationsCompensation>

                  <IterationsCompensation>
                       <BasculeOrientation >
                               <PatternNameEstim>  IMG_5588.tif </PatternNameEstim>
<!--
-->
                               <ModeBascule>
                                   <BasculeLiaisonOnPlan >
                                       <EstimPl>
                                           <KeyCalculMasq>  NKS-Assoc-AddPost@_MasqPlan </KeyCalculMasq>
                                           <IdBdl >Id_Pastis_Hom </IdBdl>
                                           <Pond>
                                              <EcartMesureIndiv>  1.0 </EcartMesureIndiv>
                                              <Show> eNSM_Paquet     </Show>
                                              <NbMax>   100    </NbMax>
                                              <ModePonderation>  eL1Secured </ModePonderation>
                                              <SigmaPond> 2.0 </SigmaPond>
                                              <EcartMax> 5.0 </EcartMax>
                                            </Pond>
                                       </EstimPl>
                                   </BasculeLiaisonOnPlan>
                               </ModeBascule>
                        </BasculeOrientation>
                        <FixeOrientPlane>
                              <ModeFOP>
                                  <HorFOP>
                                     <VecFOH>
                                        <Pt>  1088 81 </Pt>
                                        <Im>  IMG_5588.tif </Im>
                                     </VecFOH>
                                     <VecFOH>
                                        <Pt>  1167 779 </Pt>
                                        <Im>   IMG_5588.tif </Im>
                                     </VecFOH>
                                  </HorFOP>
                              </ModeFOP>
                              <Vecteur>  1 0 </Vecteur>
                          </FixeOrientPlane>
                          <FixeEchelle>
                               <ModeFE>
                                    <StereoFE >
                                        <!-- Taille =2 necessairement -->
                                        <HomFE> 
                                             <P1>193 184 </P1>
                                             <Im1> IMG_5588.tif </Im1>
                                             <P2> 362 112 </P2>
                                             <Im2> IMG_5577.tif</Im2>
                                        </HomFE>
                                        <HomFE> 
                                             <P1> 262 869  </P1>
                                             <Im1> IMG_5588.tif </Im1>
                                             <P2>  473 803 </P2>
                                             <Im2> IMG_5577.tif</Im2>
                                        </HomFE>
                                    </StereoFE>
                               </ModeFE>
                               <DistVraie>  0.2  </DistVraie>
                           </FixeEchelle>

                    </IterationsCompensation>



                    <IterationsCompensation> </IterationsCompensation>

		    <SectionObservations>
                           <ObsLiaisons>
                              <NameRef> Id_Pastis_Hom </NameRef>
                              <Pond>
                                 <EcartMesureIndiv>  1.0 </EcartMesureIndiv>
                                 <Show> eNSM_Paquet     </Show>
                                 <NbMax>   100    </NbMax>
				 <ModePonderation>  eL1Secured </ModePonderation>
				 <SigmaPond> 2.0 </SigmaPond>
				 <EcartMax> 5.0 </EcartMax>
                              </Pond>
                           </ObsLiaisons>
		    </SectionObservations>

                    <SectionExport>
                            <ExportPose>
                                <PatternSel> (.*) </PatternSel>
                                <KeyAssoc> NKS-Assoc-Im2Orient@${AeroOut} </KeyAssoc>
                                <AddCalib>  true </AddCalib>
                                <NbVerif>  10 </NbVerif>
                                <TolWhenVerif> 1e-3 </TolWhenVerif>

                                <FileExtern>  Ori${AeroOut}/AutoCalib.xml </FileExtern>
                                <CalcKeyFromCalib> false </CalcKeyFromCalib>
                            </ExportPose>
                            <ExportCalib>
                                 <KeyAssoc>  Ori${AeroOut}/AutoCalib.xml </KeyAssoc>
                                 <KeyIsName> true </KeyIsName>
                            </ExportCalib>

                    </SectionExport>

	      </EtapeCompensation>
	</SectionCompensation>

   </ParamApero>
</Global>

