<?xml version="1.0" ?>
<ExportAPERO>
     <CalibrationInternConique>
          <KnownConv>eConvApero_DistM2C</KnownConv>
          <PP>707.638794187180565 472.66669841672433</PP>
          <F>2183.92334939380225</F>
          <SzIm>1409 938</SzIm>
          <CalibDistortion>
               <ModRad>
                    <CDist>703.513724670810234 465.089610971798948</CDist>
                    <CoeffDist>-2.77688042052660096e-08</CoeffDist>
                    <CoeffDist>4.47115695546230308e-16</CoeffDist>
                    <CoeffDist>-6.02010426192449747e-21</CoeffDist>
               </ModRad>
          </CalibDistortion>
     </CalibrationInternConique>
</ExportAPERO>
