
<ParamMICMAC>

<DicoLoc>
   <Symb> NumC=XXXX </Symb>
   <Symb> NumMin=XXXX </Symb>
   <Symb> NumMax=XXXX </Symb>
</DicoLoc>

<Section_Terrain>  
      <IntervAltimetrie>
             <!-- Mandatory but unused -->
             <ZIncCalc>   0.0  </ZIncCalc>
      </IntervAltimetrie>
      <IntervSpecialZInv >
             <MulZMin >  0.3</MulZMin>
             <MulZMax > 5 </MulZMax>
      </IntervSpecialZInv>
     <Planimetrie>
         <MasqueTerrain>
             <MT_Image> IMG_${NumC}_Masq.tif </MT_Image>
             <MT_Xml> IMG_${NumC}_Masq.xml </MT_Xml>
         </MasqueTerrain>
     </Planimetrie>

</Section_Terrain>

<Section_PriseDeVue >
     <GeomImages> eGeomImageOri </GeomImages>
     <Images >
          <Im1> IMG_${NumC}.tif </Im1>
          <ImPat> IMG_[0-9]{4}.tif </ImPat>
          <Filter>
              <Min>  IMG_${NumMin}.tif  </Min>
              <Max>  IMG_${NumMax}.tif </Max>
           </Filter>
     </Images>


     <NomsGeometrieImage>
         <FCND_Mode_GeomIm>
               <FCND_GeomCalc>  NKS-Assoc-Im2Orient@-Test-5  </FCND_GeomCalc>
         </FCND_Mode_GeomIm>
     </NomsGeometrieImage>
</Section_PriseDeVue>

<Section_MEC >

      <ChantierFullImage1>  true </ChantierFullImage1>


      <EtapeMEC>
             <DeZoom >  -1                      </DeZoom>
             <SzW >      1             </SzW>
             <AlgoRegul>  eAlgo2PrgDyn </AlgoRegul>


             <GenImagesCorrel > true </GenImagesCorrel>

             <ZPas>        0.5  </ZPas>
             <ModeInterpolation> eInterpolMPD </ModeInterpolation>

	     <ZDilatAlti>  3    </ZDilatAlti>
             <ZDilatPlani> 4    </ZDilatPlani>
	     <ZRegul>  0.05    </ZRegul>
             <ModulationProgDyn>
                 <EtapeProgDyn>
                      <ModeAgreg> ePrgDAgrSomme </ModeAgreg>
                      <NbDir>   7               </NbDir>
                  </EtapeProgDyn>
                  <Px1PenteMax>   3.0    </Px1PenteMax>
            </ModulationProgDyn>

            
        </EtapeMEC>
	     

        <EtapeMEC> 
                 <DeZoom >        8        </DeZoom> 
        </EtapeMEC>
        <EtapeMEC> 
                 <DeZoom >        4        </DeZoom> 
        </EtapeMEC>
        <EtapeMEC> 
                 <DeZoom >        2        </DeZoom> 
        </EtapeMEC>
        <EtapeMEC> 
                 <DeZoom >        1        </DeZoom> 
        </EtapeMEC>

        <EtapeMEC> 
                 <AlgoRegul>    eAlgoDequant    </AlgoRegul>
                 <DeZoom >        1        </DeZoom> 
                 <ZPas>         1  </ZPas>
        </EtapeMEC>

</Section_MEC>

<Section_Results >
    <GeomMNT> eGeomMNTFaisceauIm1PrCh_Px1D  </GeomMNT> 
</Section_Results>

<Section_WorkSpace >
     <WorkDir >  ThisDir </WorkDir> 
     <TmpMEC>  MEC-6-Im/  </TmpMEC>
     <TmpResult>  MEC-6-Im/  </TmpResult>
     <TmpPyr>    Pyram-Ter/  </TmpPyr>
     <ByProcess>  ${MMNbProc} </ByProcess>
     <NomChantier> Geom-Im-${NumC} </NomChantier>


     <!-- For batching several call to MicMac -->

     <MapMicMac>
         <ActivateCmdMap> true </ActivateCmdMap>
         <ModeCmdMapeur>
             <CM_One> unused but mandatory </CM_One>
         </ModeCmdMapeur>

         <CMVA>
               <NV> NumC 5588 </NV> <NV> NumMin 5588  </NV> <NV> NumMax 5592  </NV>
         </CMVA>

         <CMVA>
               <NV> NumC 5581 </NV> <NV> NumMin 5581  </NV> <NV> NumMax 5585  </NV>
         </CMVA>

         <CMVA>
               <NV> NumC 5564 </NV> <NV> NumMin 5564  </NV> <NV> NumMax 5568  </NV>
         </CMVA>

     </MapMicMac>


     <!--  To Generate commands after MicMac -->

     <PostProcess>
         <OneCmdPar>
             <OneCmdSer>  echo  ${ThisDir} </OneCmdSer>
             <OneCmdSer>  ${MMDir}bin/Nuage2Ply ${ThisDir}MEC-6-Im/NuageImProf_Geom-Im-${NumC}_Etape_5.xml Attr=${ThisDir}IMG_${NumC}-RGB.tif  </OneCmdSer>
          </OneCmdPar>
     </PostProcess>



</Section_WorkSpace>


<Section_Vrac> </Section_Vrac>


</ParamMICMAC>


